日期,開盤,最高,最低,收盤,MA10,MA20,水位階段,總持股比例,水位說明,當日事件,ret,strat_ret,買進持有資產,RiskFirstModel資產
2021-09-06,17534.05,17633.67,17461.07,17495.3,,,0,1.0,100%(滿倉),,0.0,0.0,1000000.0,1000000.0
2021-09-07,17534.38,17559.21,17388.37,17428.87,,,0,1.0,100%(滿倉),,-0.0037970197710242015,-0.0037970197710242015,996203.0,996203.0
2021-09-08,17411.53,17447.58,17167.08,17270.49,,,0,1.0,100%(滿倉),,-0.009087221374650123,-0.009087221374650123,987150.0,987150.0
2021-09-09,17175.04,17319.09,17122.95,17304.33,,,0,1.0,100%(滿倉),,0.0019594116901142655,0.0019594116901142655,989084.0,989084.0
2021-09-10,17270.28,17474.57,17270.28,17474.57,,,0,1.0,100%(滿倉),,0.009838000084371856,0.009838000084371856,998815.0,998815.0
2021-09-13,17452.16,17482.57,17387.57,17446.31,,,0,1.0,100%(滿倉),,-0.0016172071759132933,-0.0016172071759132933,997200.0,997200.0
2021-09-14,17463.78,17529.47,17424.54,17434.9,,,0,1.0,100%(滿倉),,-0.0006540064919171584,-0.0006540064919171584,996548.0,996548.0
2021-09-15,17434.02,17439.75,17316.52,17354.0,,,0,1.0,100%(滿倉),,-0.004640118383242853,-0.004640118383242853,991924.0,991924.0
2021-09-16,17332.34,17411.37,17254.1,17278.7,,,0,1.0,100%(滿倉),,-0.0043390572778609915,-0.0043390572778609915,987620.0,987620.0
2021-09-17,17279.29,17408.71,17235.45,17276.79,,,0,1.0,100%(滿倉),,-0.00011054072354976796,-0.00011054072354976796,987510.0,987510.0
2021-09-22,17196.79,17196.79,16838.58,16925.82,,,1,0.8,80%(第一次減碼),第一個空方缺口→減碼一階(快出),-0.02031453759639379,-0.02031453759639379,967450.0,967450.0
2021-09-23,16998.07,17145.25,16998.07,17078.22,,,1,0.8,80%(第一次減碼),,0.009003995079706728,0.007203196063765383,976160.0,974418.0
2021-09-24,17130.74,17273.59,17130.74,17260.19,,,0,1.0,100%(滿倉),"追蹤空方缺口回補→趨勢失敗,回升一階",0.010655091689883323,0.008524073351906658,986562.0,982724.0
2021-09-27,17278.11,17335.99,17235.68,17313.77,,,0,1.0,100%(滿倉),,0.0031042531976763765,0.0031042531976763765,989624.0,985775.0
2021-09-28,17286.89,17286.89,17113.47,17181.44,,,0,1.0,100%(滿倉),,-0.007643049434063243,-0.007643049434063243,982060.0,978241.0
2021-09-29,17127.86,17127.86,16801.78,16855.46,,,0,1.0,100%(滿倉),,-0.01897279855471945,-0.01897279855471945,963428.0,959681.0
2021-09-30,16886.57,16994.21,16767.2,16934.77,,,0,1.0,100%(滿倉),,0.004705300240990251,0.004705300240990251,967961.0,964196.0
2021-10-01,16883.0,16883.0,16503.74,16570.89,,,0,1.0,100%(滿倉),,-0.021487153353721422,-0.021487153353721422,947162.0,943478.0
2021-10-04,16600.52,16680.29,16380.06,16408.35,,,0,1.0,100%(滿倉),,-0.00980876706079159,-0.00980876706079159,937872.0,934224.0
2021-10-05,16362.27,16460.75,16162.17,16460.75,16898.97,17137.7,0,1.0,100%(滿倉),,0.003193495994417539,0.003193495994417539,940867.0,937207.0
2021-10-06,16488.21,16568.21,16303.63,16393.16,16845.7,17082.59,0,1.0,100%(滿倉),,-0.004106131251613743,-0.004106131251613743,937004.0,933359.0
2021-10-07,16465.57,16731.58,16465.57,16713.86,16809.26,17046.84,0,1.0,100%(滿倉),,0.019563037266762562,0.019563037266762562,955334.0,951619.0
2021-10-08,16742.35,16771.71,16605.49,16640.43,16747.29,17015.34,0,1.0,100%(滿倉),,-0.0043933597624965515,-0.0043933597624965515,951137.0,947438.0
2021-10-12,16589.72,16589.72,16349.49,16462.84,16662.2,16973.26,2,0.6,60%(第二次減碼),"第一個空方缺口→減碼一階(快出)；MA空方確認→趨勢確認,減碼一階",-0.010672200177519464,-0.010672200177519464,940986.0,937326.0
2021-10-13,16480.98,16543.33,16328.47,16347.99,16578.85,16916.93,2,0.6,60%(第二次減碼),,-0.006976317573395674,-0.0041857905440374045,934422.0,933403.0
2021-10-14,16392.51,16519.96,16347.88,16387.28,16532.03,16863.98,2,0.6,60%(第二次減碼),,0.0024033535621197366,0.001442012137271842,936668.0,934749.0
2021-10-15,16426.76,16781.19,16426.76,16781.19,16516.67,16831.29,1,0.8,80%(第一次減碼),"追蹤空方缺口回補→趨勢失敗,回升一階",0.024037546194365378,0.014422527716619227,959183.0,948230.0
2021-10-18,16816.94,16862.03,16695.89,16705.46,16530.13,16798.87,1,0.8,80%(第一次減碼),,-0.004512790809233391,-0.0036102326473867134,954854.0,944807.0
2021-10-19,16791.12,16916.72,16772.15,16900.67,16579.36,16779.97,1,0.8,80%(第一次減碼),,0.011685401060491651,0.009348320848393321,966012.0,953639.0
2021-10-20,16936.2,16973.86,16855.81,16887.82,16622.07,16760.52,1,0.8,80%(第一次減碼),,-0.0007603248865281076,-0.0006082599092224861,965278.0,953059.0
2021-10-21,16904.46,17026.89,16873.99,16889.51,16671.7,16758.7,1,0.8,80%(第一次減碼),,0.00010007212298557278,8.005769838845823e-05,965374.0,953136.0
2021-10-22,16900.32,16932.89,16800.49,16888.74,16689.19,16749.23,1,0.8,80%(第一次減碼),,-4.55904286149611e-05,-3.647234289196888e-05,965330.0,953101.0
2021-10-25,16879.34,16930.98,16784.11,16894.24,16714.57,16730.93,1,0.8,80%(第一次減碼),,0.000325660765693625,0.00026052861255490003,965644.0,953349.0
2021-10-26,16909.32,17067.15,16909.32,17034.34,16771.72,16716.96,1,0.8,80%(第一次減碼),,0.008292767239011622,0.0066342137912092985,973652.0,959674.0
2021-10-27,17037.37,17079.6,16973.16,17074.55,16844.38,16711.61,1,0.8,80%(第一次減碼),,0.0023605258554191266,0.0018884206843353013,975951.0,961486.0
2021-10-28,17081.17,17104.86,16994.37,17041.63,16909.81,16720.92,1,0.8,80%(第一次減碼),,-0.0019280156724480468,-0.0015424125379584375,974069.0,960003.0
2021-10-29,17058.04,17073.97,16920.68,16987.41,16930.44,16723.56,1,0.8,80%(第一次減碼),,-0.003181620537472174,-0.0025452964299777395,970970.0,957560.0
2021-11-01,17021.77,17119.43,17021.77,17068.24,16966.72,16748.42,1,0.8,80%(第一次減碼),,0.004758229771342437,0.00380658381707395,975590.0,961205.0
2021-11-02,17094.42,17237.09,17026.63,17065.97,16983.25,16781.3,1,0.8,80%(第一次減碼),,-0.00013299555197254787,-0.0001063964415780383,975460.0,961102.0
2021-11-03,17087.89,17153.76,17080.51,17122.16,17006.68,16814.37,1,0.8,80%(第一次減碼),,0.003292517214081414,0.0026340137712651313,978672.0,963634.0
2021-11-04,17158.28,17219.65,17061.46,17078.86,17025.61,16848.66,1,0.8,80%(第一次減碼),,-0.00252888654235206,-0.0020231092338816484,976197.0,961685.0
2021-11-05,17097.16,17296.9,17097.16,17296.9,17066.43,16877.81,1,0.8,80%(第一次減碼),,0.012766660069817304,0.010213328055853843,988660.0,971507.0
2021-11-08,17323.39,17415.3,17279.46,17415.3,17118.54,16916.56,1,0.8,80%(第一次減碼),,0.006845157224704801,0.005476125779763841,995427.0,976827.0
2021-11-09,17433.1,17581.52,17433.1,17541.36,17169.24,16970.48,0,1.0,100%(滿倉),"第一個多方缺口(觀察期,不加碼)；MA多方確認→回補一階",0.007238462731046891,0.005790770184837513,1002633.0,982483.0
2021-11-10,17549.09,17575.44,17489.87,17559.65,17217.75,17031.06,0,1.0,100%(滿倉),,0.0010426785608415035,0.0010426785608415035,1003678.0,983508.0
2021-11-11,17527.18,17527.18,17403.48,17452.52,17258.84,17084.33,0,1.0,100%(滿倉),,-0.0061009188679729265,-0.0061009188679729265,997555.0,977507.0
2021-11-12,17479.55,17602.05,17479.55,17518.13,17311.91,17121.17,0,1.0,100%(滿倉),,0.003759342490368134,0.003759342490368134,1001305.0,981182.0
2021-11-15,17560.52,17683.19,17560.52,17634.47,17368.53,17167.62,0,1.0,100%(滿倉),,0.006641119799887241,0.006641119799887241,1007955.0,987698.0
2021-11-16,17639.96,17708.1,17629.8,17693.13,17431.25,17207.25,0,1.0,100%(滿倉),,0.0033264396378229755,0.0033264396378229755,1011308.0,990984.0
2021-11-17,17705.29,17764.04,17669.58,17764.04,17495.44,17251.06,0,1.0,100%(滿倉),,0.004007770247548059,0.004007770247548059,1015361.0,994955.0
2021-11-18,17767.06,17841.37,17748.21,17841.37,17571.69,17298.65,0,1.0,100%(滿倉),,0.00435317641707611,0.00435317641707611,1019781.0,999287.0
2021-11-19,17864.19,17986.18,17786.05,17818.31,17623.83,17345.13,0,1.0,100%(滿倉),,-0.001292501640849153,-0.001292501640849153,1018463.0,997995.0
2021-11-22,17828.53,17857.73,17790.64,17803.54,17662.65,17390.59,0,1.0,100%(滿倉),,-0.0008289226082608403,-0.0008289226082608403,1017618.0,997168.0
2021-11-23,17797.9,17797.9,17650.07,17666.12,17675.13,17422.18,0,1.0,100%(滿倉),,-0.007718689653855471,-0.007718689653855471,1009764.0,989471.0
2021-11-24,17680.16,17722.89,17588.78,17642.52,17683.42,17450.58,0,1.0,100%(滿倉),,-0.0013358903935895006,-0.0013358903935895006,1008415.0,988149.0
2021-11-25,17686.12,17724.5,17609.51,17654.19,17703.58,17481.21,0,1.0,100%(滿倉),,0.0006614701301173032,0.0006614701301173032,1009082.0,988803.0
2021-11-26,17641.79,17641.79,17330.44,17369.39,17688.71,17500.31,0,1.0,100%(滿倉),,-0.01613214766579485,-0.01613214766579485,992803.0,972851.0
2021-11-29,17320.01,17415.63,17167.24,17328.09,17658.07,17513.3,0,1.0,100%(滿倉),,-0.0023777461384654197,-0.0023777461384654197,990443.0,970538.0
2021-11-30,17369.79,17535.23,17369.79,17427.76,17631.53,17531.39,0,1.0,100%(滿倉),,0.005751932267203053,0.005751932267203053,996140.0,976120.0
2021-12-01,17428.61,17626.21,17374.59,17585.99,17613.73,17554.58,0,1.0,100%(滿倉),,0.009079193195224322,0.009079193195224322,1005184.0,984983.0
2021-12-02,17575.91,17741.55,17559.44,17724.88,17602.08,17586.88,0,1.0,100%(滿倉),,0.007897764072423596,0.007897764072423596,1013122.0,992762.0
2021-12-03,17720.93,17781.14,17670.32,17697.14,17589.96,17606.9,0,1.0,100%(滿倉),,-0.0015650317519780854,-0.0015650317519780854,1011537.0,991208.0
2021-12-06,17650.67,17763.42,17585.95,17688.21,17578.43,17620.54,0,1.0,100%(滿倉),,-0.0005046013084599732,-0.0005046013084599732,1011026.0,990708.0
2021-12-07,17734.19,17796.92,17642.32,17796.92,17591.51,17633.32,0,1.0,100%(滿倉),,0.006145901705147061,0.006145901705147061,1017240.0,996797.0
2021-12-08,17845.06,17988.88,17832.42,17832.42,17610.5,17646.96,0,1.0,100%(滿倉),"第一個多方缺口(觀察期,不加碼)",0.0019947271775115905,0.0019947271775115905,1019269.0,998785.0
2021-12-09,17880.41,17925.12,17807.12,17914.12,17636.49,17670.04,0,1.0,100%(滿倉),,0.004581543054728465,0.004581543054728465,1023939.0,1003361.0
2021-12-10,17893.29,17893.29,17767.8,17826.26,17682.18,17685.44,0,1.0,100%(滿倉),,-0.004904511078411944,-0.004904511078411944,1018917.0,998440.0
2021-12-13,17841.03,17919.35,17767.6,17767.6,17726.13,17692.1,0,1.0,100%(滿倉),,-0.003290650983436838,-0.003290650983436838,1015564.0,995155.0
2021-12-14,17754.38,17754.38,17566.99,17599.37,17743.29,17687.41,2,0.6,60%(第二次減碼),"第一個空方缺口→減碼一階(快出)；MA空方確認→趨勢確認,減碼一階",-0.009468358135032329,-0.009468358135032329,1005948.0,985732.0
2021-12-15,17592.87,17678.78,17556.87,17660.1,17750.7,17682.22,2,0.6,60%(第二次減碼),,0.003450691700896069,0.0020704150205376414,1009420.0,987773.0
2021-12-16,17719.06,17814.32,17719.06,17785.74,17756.79,17679.43,0,1.0,100%(滿倉),"第一個多方缺口(觀察期,不加碼)；MA多方確認→回補一階；追蹤空方缺口回補→趨勢失敗,回升一階",0.007114342500891935,0.004268605500535161,1016601.0,991990.0
2021-12-17,17744.54,17822.74,17718.27,17812.59,17768.33,17679.15,0,1.0,100%(滿倉),,0.001509636371610057,0.001509636371610057,1018136.0,993487.0
2021-12-20,17812.81,17812.81,17646.39,17669.11,17766.42,17672.43,0,1.0,100%(滿倉),,-0.008054976845029205,-0.008054976845029205,1009935.0,985485.0
2021-12-21,17686.84,17825.89,17652.32,17789.27,17765.66,17678.58,0,1.0,100%(滿倉),,0.006800568902451731,0.006800568902451731,1016803.0,992186.0
2021-12-22,17805.74,17870.16,17799.72,17826.83,17765.1,17687.8,0,1.0,100%(滿倉),,0.00211138512148068,0.00211138512148068,1018950.0,994281.0
2021-12-23,17855.78,17960.99,17855.78,17946.66,17768.35,17702.42,0,1.0,100%(滿倉),,0.006721890543635478,0.006721890543635478,1025799.0,1000965.0
2021-12-24,17966.35,18039.85,17953.57,17961.64,17781.89,17732.03,0,1.0,100%(滿倉),,0.0008346957038245506,0.0008346957038245506,1026655.0,1001800.0
2021-12-27,17975.41,18099.78,17975.41,18048.94,17810.03,17768.08,0,1.0,100%(滿倉),,0.0048603579628585525,0.0048603579628585525,1031645.0,1006669.0
2021-12-28,18099.71,18197.36,18099.71,18196.81,17869.77,17806.53,0,1.0,100%(滿倉),,0.008192724891323389,0.008192724891323389,1040097.0,1014917.0
2021-12-29,18209.14,18283.25,18192.86,18248.28,17928.59,17839.64,0,1.0,100%(滿倉),,0.0028285177456925936,0.0028285177456925936,1043039.0,1017787.0
2021-12-30,18270.0,18291.25,18216.45,18218.84,17971.9,17864.34,0,1.0,100%(滿倉),,-0.0016133027331890482,-0.0016133027331890482,1041356.0,1016145.0
2022-01-03,18260.23,18379.69,18238.47,18270.51,18017.69,17893.01,0,1.0,100%(滿倉),,0.0028360751837108733,0.0028360751837108733,1044310.0,1019027.0
2022-01-04,18395.14,18526.35,18395.14,18526.35,18103.41,17934.92,0,1.0,100%(滿倉),"第一個多方缺口(觀察期,不加碼)",0.014002893186889631,0.014002893186889631,1058933.0,1033297.0
2022-01-05,18598.13,18619.61,18446.52,18499.96,18174.48,17970.07,0,1.0,100%(滿倉),,-0.001424457596882256,-0.001424457596882256,1057425.0,1031825.0
2022-01-06,18395.72,18427.15,18253.82,18367.92,18228.59,17996.84,1,0.8,80%(第一次減碼),第一個空方缺口→減碼一階(快出),-0.0071373127293248295,-0.0071373127293248295,1049877.0,1024460.0
2022-01-07,18388.16,18444.12,18134.41,18169.76,18250.9,18009.63,1,0.8,80%(第一次減碼),,-0.010788374513826304,-0.008630699611061044,1038551.0,1015619.0
2022-01-10,18095.39,18243.26,18043.97,18239.38,18278.68,18030.28,1,0.8,80%(第一次減碼),,0.0038316411444070386,0.003065312915525631,1042530.0,1018732.0
2022-01-11,18266.54,18293.53,18135.43,18288.21,18302.6,18056.31,1,0.8,80%(第一次減碼),,0.0026771743337765663,0.002141739467021253,1045321.0,1020914.0
2022-01-12,18348.39,18394.7,18255.38,18375.4,18320.46,18095.12,1,0.8,80%(第一次減碼),,0.004767552428586619,0.0038140419428692954,1050305.0,1024807.0
2022-01-13,18356.21,18459.73,18346.81,18436.93,18339.33,18133.96,1,0.8,80%(第一次減碼),,0.0033484985360863195,0.002678798828869056,1053822.0,1027553.0
2022-01-14,18509.0,18509.0,18213.44,18403.33,18357.78,18164.84,1,0.8,80%(第一次減碼),,-0.0018224292222185356,-0.0014579433777748285,1051901.0,1026055.0
2022-01-17,18512.15,18535.42,18435.02,18525.44,18383.27,18200.48,0,1.0,100%(滿倉),"追蹤空方缺口回補→趨勢失敗,回升一階",0.006635212214310959,0.0053081697714487674,1058881.0,1031501.0
2022-01-18,18492.81,18575.41,18378.64,18378.64,18368.5,18235.95,0,1.0,100%(滿倉),,-0.007924238236716619,-0.007924238236716619,1050490.0,1023327.0
2022-01-19,18275.18,18359.14,18199.35,18227.46,18341.25,18257.86,2,0.6,60%(第二次減碼),"第一個空方缺口→減碼一階(快出)；MA空方確認→趨勢確認,減碼一階",-0.008225853490791524,-0.008225853490791524,1041849.0,1014909.0
2022-01-20,18212.26,18292.14,18125.2,18218.28,18326.28,18277.44,2,0.6,60%(第二次減碼),,-0.000503635723243967,-0.0003021814339463802,1041324.0,1014603.0
2022-01-21,18113.94,18113.94,17851.39,17899.3,18299.24,18275.07,2,0.6,60%(第二次減碼),,-0.017508787876791887,-0.010505272726075132,1023092.0,1003944.0
2022-01-24,17843.33,18004.45,17682.33,17989.04,18274.2,18276.44,2,0.6,60%(第二次減碼),,0.005013603883950779,0.0030081623303704675,1028221.0,1006964.0
2022-01-25,17890.71,17890.71,17645.66,17701.12,18215.49,18259.05,2,0.6,60%(第二次減碼),,-0.016005301005501238,-0.009603180603300742,1011764.0,997294.0
2022-01-26,17657.97,17776.42,17633.03,17674.4,18145.39,18232.93,2,0.6,60%(第二次減碼),,-0.0015095090028199865,-0.0009057054016919919,1010237.0,996391.0
2022-02-07,17750.7,17900.3,17712.35,17900.3,18091.73,18215.53,2,0.6,60%(第二次減碼),,0.012781197664418542,0.007668718598651125,1023149.0,1004032.0
2022-02-08,17955.95,18063.55,17955.95,17966.56,18048.05,18202.91,2,0.6,60%(第二次減碼),"第一個多方缺口(觀察期,不加碼)",0.0037016139394312475,0.0022209683636587483,1026936.0,1006262.0
2022-02-09,18060.33,18168.6,18039.23,18151.76,18010.69,18196.98,1,0.8,80%(第一次減碼),"追蹤空方缺口回補→趨勢失敗,回升一階",0.010308038934553787,0.006184823360732272,1037522.0,1012485.0
2022-02-10,18217.29,18338.05,18145.04,18338.05,18006.63,18187.56,0,1.0,100%(滿倉),MA多方確認→回補一階,0.010262916653812182,0.008210333323049745,1048170.0,1020798.0
2022-02-11,18258.81,18310.94,18191.75,18310.94,18014.97,18178.11,0,1.0,100%(滿倉),,-0.0014783469343796485,-0.0014783469343796485,1046621.0,1019289.0
2022-02-14,18182.73,18182.73,17965.22,17997.67,17992.91,18159.6,1,0.8,80%(第一次減碼),第一個空方缺口→減碼一階(快出),-0.01710835161930524,-0.01710835161930524,1028715.0,1001851.0
2022-02-15,17978.44,18085.91,17942.68,17951.81,17998.16,18148.7,2,0.6,60%(第二次減碼),"MA空方確認→趨勢確認,減碼一階",-0.0025481076161523175,-0.002038486092921854,1026093.0,999808.0
2022-02-16,18109.17,18233.79,18109.17,18231.47,18022.41,18148.31,0,1.0,100%(滿倉),"第二個(以上)多方缺口→回補一階；追蹤空方缺口回補→趨勢失敗,回升一階",0.015578373434210757,0.009347024060526454,1042078.0,1009154.0
2022-02-17,18213.3,18330.63,18190.24,18268.57,18079.15,18147.32,0,1.0,100%(滿倉),,0.002034942876246282,0.002034942876246282,1044199.0,1011207.0
2022-02-18,18250.37,18262.96,18098.52,18232.35,18134.95,18140.17,0,1.0,100%(滿倉),,-0.0019826401300157004,-0.0019826401300157004,1042128.0,1009202.0
2022-02-21,18196.4,18253.1,18129.65,18221.49,18167.07,18129.4,0,1.0,100%(滿倉),,-0.0005956445548707112,-0.0005956445548707112,1041508.0,1008601.0
2022-02-22,18159.51,18159.51,17840.38,17969.29,18167.34,18107.7,0,1.0,100%(滿倉),,-0.0138408000662954,-0.0138408000662954,1027092.0,994641.0
2022-02-23,17954.75,18109.28,17954.75,18055.73,18157.74,18084.21,0,1.0,100%(滿倉),,0.0048104293491839645,0.0048104293491839645,1032033.0,999426.0
2022-02-24,17939.53,17939.53,17561.07,17594.55,18083.39,18045.01,2,0.6,60%(第二次減碼),"第一個空方缺口→減碼一階(快出)；MA空方確認→趨勢確認,減碼一階",-0.025542030147770234,-0.025542030147770234,1005673.0,973899.0
2022-02-25,17617.36,17737.32,17554.97,17652.18,18017.51,18016.24,2,0.6,60%(第二次減碼),,0.003275446089840317,0.00196526765390419,1008967.0,975813.0
2022-03-01,17657.5,17944.5,17657.5,17898.25,18007.57,18000.24,2,0.6,60%(第二次減碼),,0.01393992130150501,0.008363952780903005,1023032.0,983974.0
2022-03-02,17864.11,17918.98,17784.64,17867.6,17999.15,17998.66,2,0.6,60%(第二次減碼),,-0.001712457921863919,-0.0010274747531183513,1021280.0,982963.0
2022-03-03,17932.15,18026.03,17906.24,17934.4,17969.44,17995.92,2,0.6,60%(第二次減碼),,0.003738610669592024,0.002243166401755214,1025098.0,985168.0
2022-03-04,17845.01,17845.01,17710.54,17736.52,17916.24,17997.69,2,0.6,60%(第二次減碼),,-0.01103354447319127,-0.006620126683914762,1013788.0,978646.0
2022-03-07,17581.57,17581.57,17135.68,17178.69,17810.87,17972.91,2,0.6,60%(第二次減碼),,-0.03145092723939091,-0.018870556343634548,981903.0,960179.0
2022-03-08,17000.0,17113.67,16764.78,16825.25,17671.25,17919.16,2,0.6,60%(第二次減碼),,-0.02057432784455615,-0.01234459670673369,961701.0,948326.0
2022-03-09,16944.08,17072.74,16944.08,17015.36,17575.85,17871.6,2,0.6,60%(第二次減碼),,0.011299089166580067,0.00677945349994804,972567.0,954755.0
2022-03-10,17224.73,17478.43,17224.73,17433.2,17513.6,17835.67,1,0.8,80%(第一次減碼),"第一個多方缺口(觀察期,不加碼)；追蹤空方缺口回補→趨勢失敗,回升一階",0.02455663588663426,0.014733981531980555,996450.0,968822.0
2022-03-11,17373.82,17373.9,17239.9,17264.74,17480.62,17782.0,1,0.8,80%(第一次減碼),,-0.009663171420049022,-0.007730537136039217,986822.0,961333.0
2022-03-14,17287.9,17363.04,17217.58,17263.04,17441.7,17729.61,1,0.8,80%(第一次減碼),,-9.846658565382249e-05,-7.8773268523058e-05,986724.0,961257.0
2022-03-15,17177.27,17177.27,16911.95,16926.06,17344.49,17676.03,2,0.6,60%(第二次減碼),"第一個空方缺口→減碼一階(快出)；MA空方確認→趨勢確認,減碼一階",-0.019520316236306012,-0.01561625298904481,967463.0,946246.0
2022-03-16,17007.58,17085.77,16808.43,16940.83,17251.81,17625.48,2,0.6,60%(第二次減碼),,0.0008726189083578806,0.0005235713450147283,968307.0,946741.0
2022-03-17,17172.81,17472.95,17172.81,17448.22,17203.19,17586.32,1,0.8,80%(第一次減碼),"第一個多方缺口(觀察期,不加碼)；追蹤空方缺口回補→趨勢失敗,回升一階",0.029950716700421376,0.017970430020252826,997309.0,963754.0
2022-03-18,17439.91,17472.38,17359.5,17456.52,17175.19,17545.71,1,0.8,80%(第一次減碼),,0.00047569322257512425,0.0003805545780600994,997783.0,964121.0
2022-03-21,17503.95,17603.99,17503.95,17560.36,17213.36,17512.11,0,1.0,100%(滿倉),第二個(以上)多方缺口→回補一階,0.005948493743311856,0.0047587949946494845,1003719.0,968709.0
2022-03-22,17512.41,17573.29,17468.55,17559.71,17286.8,17479.03,0,1.0,100%(滿倉),,-3.7015186476918593e-05,-3.7015186476918593e-05,1003682.0,968673.0
2022-03-23,17581.62,17738.69,17581.62,17731.37,17358.4,17467.13,0,1.0,100%(滿倉),,0.00977578786893396,0.00977578786893396,1013493.0,978143.0
2022-03-24,17711.17,17711.17,17603.22,17699.06,17384.99,17449.3,0,1.0,100%(滿倉),,-0.0018221942241348765,-0.0018221942241348765,1011647.0,976361.0
2022-03-25,17695.8,17747.13,17633.86,17676.95,17426.21,17453.42,0,1.0,100%(滿倉),,-0.0012492188850707908,-0.0012492188850707908,1010383.0,975141.0
2022-03-28,17510.15,17527.15,17368.66,17520.01,17451.91,17446.81,1,0.8,80%(第一次減碼),第一個空方缺口→減碼一階(快出),-0.00887822842741548,-0.00887822842741548,1001412.0,966483.0
2022-03-29,17568.32,17585.91,17493.01,17548.66,17514.17,17429.33,1,0.8,80%(第一次減碼),,0.0016352730392277248,0.0013082184313821799,1003050.0,967748.0
2022-03-30,17572.9,17770.07,17572.9,17740.56,17594.14,17422.98,0,1.0,100%(滿倉),"追蹤空方缺口回補→趨勢失敗,回升一階",0.010935307881057676,0.00874824630484614,1014019.0,976214.0
2022-03-31,17754.1,17767.81,17682.53,17693.47,17618.67,17410.93,0,1.0,100%(滿倉),,-0.0026543694223857273,-0.0026543694223857273,1011327.0,973623.0
2022-04-01,17657.76,17657.76,17465.61,17625.59,17635.57,17405.38,1,0.8,80%(第一次減碼),第一個空方缺口→減碼一階(快出),-0.0038364436145086334,-0.0038364436145086334,1007447.0,969887.0
2022-04-06,17484.19,17528.99,17381.07,17522.5,17631.79,17422.57,1,0.8,80%(第一次減碼),,-0.0058488822218150105,-0.004679105777452008,1001555.0,965349.0
2022-04-07,17430.13,17438.6,17178.63,17178.63,17593.68,17440.24,2,0.6,60%(第二次減碼),"MA空方確認→趨勢確認,減碼一階",-0.019624482807818477,-0.015699586246254782,981900.0,950194.0
2022-04-08,17210.4,17316.69,17210.4,17284.54,17549.0,17453.7,2,0.6,60%(第二次減碼),,0.00616521806453707,0.003699130838722242,987953.0,953708.0
2022-04-11,17273.05,17316.35,17046.67,17048.37,17483.93,17434.46,2,0.6,60%(第二次減碼),,-0.013663655497919036,-0.00819819329875142,974454.0,945890.0
2022-04-12,17005.84,17100.85,16905.13,16990.91,17415.32,17420.77,2,0.6,60%(第二次減碼),,-0.0033704101917074736,-0.002022246115024484,971170.0,943977.0
2022-04-13,17080.4,17333.21,17080.4,17301.65,17393.49,17422.7,2,0.6,60%(第二次減碼),,0.018288602552776867,0.01097316153166612,988931.0,954335.0
2022-04-14,17353.25,17374.14,17245.65,17245.65,17363.19,17438.68,2,0.6,60%(第二次減碼),,-0.0032366855184332577,-0.0019420113110599545,985730.0,952482.0
2022-04-15,17139.34,17141.33,17004.18,17004.18,17289.55,17441.85,2,0.6,60%(第二次減碼),,-0.014001791756182103,-0.008401075053709262,971928.0,944480.0
2022-04-18,16958.66,16999.36,16845.51,16898.87,17210.09,17414.38,2,0.6,60%(第二次減碼),,-0.00619318308792316,-0.0037159098527538956,965909.0,940971.0
2022-04-19,16926.34,17106.26,16926.34,16993.4,17146.87,17391.22,2,0.6,60%(第二次減碼),,0.005593865151930499,0.0033563190911582996,971312.0,944129.0
2022-04-20,17057.13,17148.88,16983.55,17148.88,17109.51,17370.65,1,0.8,80%(第一次減碼),"追蹤空方缺口回補→趨勢失敗,回升一階",0.009149434486329877,0.005489660691797926,980199.0,949312.0
2022-04-21,17159.88,17213.66,17106.37,17127.95,17104.44,17349.06,1,0.8,80%(第一次減碼),,-0.0012204878685955212,-0.000976390294876417,979003.0,948385.0
2022-04-22,17088.76,17088.76,16923.87,17025.09,17078.5,17313.75,2,0.6,60%(第二次減碼),"第一個空方缺口→減碼一階(快出)；MA空方確認→趨勢確認,減碼一階",-0.00600538885272317,-0.004804311082178537,973124.0,943828.0
2022-04-25,16912.3,16912.3,16579.89,16620.9,17035.75,17259.84,2,0.6,60%(第二次減碼),,-0.023740843660738253,-0.014244506196442951,950021.0,930384.0
2022-04-26,16677.84,16729.47,16582.11,16644.79,17001.14,17208.23,2,0.6,60%(第二次減碼),,0.0014373469547377393,0.0008624081728426436,951386.0,931186.0
2022-04-27,16427.32,16427.32,16219.41,16303.35,16901.31,17147.4,2,0.6,60%(第二次減碼),,-0.020513325791433834,-0.0123079954748603,931870.0,919725.0
2022-04-28,16350.72,16455.57,16256.88,16419.38,16818.68,17090.93,2,0.6,60%(第二次減碼),,0.0071169422235308755,0.004270165334118525,938502.0,923653.0
2022-04-29,16599.84,16663.66,16521.94,16592.18,16777.48,17033.51,1,0.8,80%(第一次減碼),"第一個多方缺口(觀察期,不加碼)；追蹤空方缺口回補→趨勢失敗,回升一階",0.01052414890208997,0.006314489341253981,948379.0,929485.0
2022-05-03,16593.21,16604.87,16465.99,16498.9,16737.48,16973.79,1,0.8,80%(第一次減碼),,-0.005621925509486925,-0.00449754040758954,943048.0,925305.0
2022-05-04,16531.37,16617.06,16514.3,16565.83,16694.72,16920.8,1,0.8,80%(第一次減碼),,0.004056634078635657,0.003245307262908526,946873.0,928308.0
2022-05-05,16689.98,16783.78,16650.81,16696.12,16649.45,16879.48,0,1.0,100%(滿倉),第二個(以上)多方缺口→回補一階,0.00786498473061692,0.006291987784493536,954320.0,934149.0
2022-05-06,16491.11,16491.11,16312.17,16408.2,16577.47,16840.96,2,0.6,60%(第二次減碼),"第一個空方缺口→減碼一階(快出)；MA空方確認→趨勢確認,減碼一階",-0.01724472512176467,-0.01724472512176467,937863.0,918039.0
2022-05-09,16345.84,16345.84,16048.92,16048.92,16479.86,16779.18,2,0.6,60%(第二次減碼),,-0.02189636888872637,-0.013137821333235822,917328.0,905978.0
2022-05-10,15891.4,16071.5,15734.44,16061.7,16423.94,16729.84,2,0.6,60%(第二次減碼),,0.0007963152660739325,0.00047778915964435953,918058.0,906411.0
2022-05-11,16053.75,16081.15,15953.27,16006.25,16360.08,16680.61,2,0.6,60%(第二次減碼),,-0.003452312021766102,-0.002071387213059661,914889.0,904534.0
2022-05-12,15943.62,15943.62,15616.68,15616.68,16291.42,16596.36,2,0.6,60%(第二次減碼),,-0.024338617727450162,-0.014603170636470097,892621.0,891325.0
2022-05-13,15687.15,15860.69,15687.15,15832.54,16232.73,16525.71,2,0.6,60%(第二次減碼),,0.013822400151632719,0.008293440090979631,904960.0,898717.0
2022-05-16,15943.69,16032.85,15847.46,15901.04,16163.62,16470.55,2,0.6,60%(第二次減碼),,0.004326532571526709,0.0025959195429160254,908875.0,901050.0
2022-05-17,15915.93,16085.85,15915.93,16056.09,16119.34,16428.41,1,0.8,80%(第一次減碼),"追蹤空方缺口回補→趨勢失敗,回升一階",0.009750934530068367,0.00585056071804102,917737.0,906321.0
2022-05-18,16174.78,16316.58,16172.8,16296.86,16092.44,16393.58,1,0.8,80%(第一次減碼),"第一個多方缺口(觀察期,不加碼)",0.014995556203284854,0.011996444962627884,931499.0,917194.0
2022-05-19,16111.49,16111.49,15892.73,16020.32,16024.86,16337.15,2,0.6,60%(第二次減碼),"第一個空方缺口→減碼一階(快出)；MA空方確認→趨勢確認,減碼一階",-0.016968913029872024,-0.01357513042389762,915693.0,904743.0
2022-05-20,16061.92,16181.66,16058.2,16144.85,15998.52,16288.0,2,0.6,60%(第二次減碼),,0.007773252968729771,0.004663951781237863,922811.0,908963.0
2022-05-23,16193.92,16249.45,16125.45,16156.41,16009.27,16244.57,2,0.6,60%(第二次減碼),,0.000716017801342117,0.0004296106808052702,923471.0,909353.0
2022-05-24,16166.57,16219.8,15963.63,15963.63,15999.47,16211.7,2,0.6,60%(第二次減碼),,-0.011932106204286752,-0.007159263722572051,912452.0,902843.0
2022-05-25,15987.74,16169.18,15980.9,16104.03,16009.24,16184.66,2,0.6,60%(第二次減碼),,0.008794992116454736,0.0052769952698728416,920477.0,907607.0
2022-05-26,16128.21,16179.01,15949.61,15968.83,16044.46,16167.94,2,0.6,60%(第二次減碼),,-0.008395414067162155,-0.005037248440297293,912750.0,903035.0
2022-05-27,16075.91,16266.22,16075.91,16266.22,16087.83,16160.28,1,0.8,80%(第一次減碼),"追蹤空方缺口回補→趨勢失敗,回升一階",0.01862315523429081,0.011173893140574487,929748.0,913126.0
2022-05-30,16368.93,16610.62,16368.93,16610.62,16158.79,16161.2,0,1.0,100%(滿倉),"第一個多方缺口(觀察期,不加碼)；MA多方確認→回補一階",0.02117271252940145,0.01693817002352116,949433.0,928593.0
2022-05-31,16561.68,16807.77,16493.07,16807.77,16233.95,16176.65,0,1.0,100%(滿倉),,0.011868912779896323,0.011868912779896323,960702.0,939614.0
2022-06-01,16718.91,16811.04,16649.91,16675.09,16271.78,16182.11,0,1.0,100%(滿倉),,-0.007893968087378633,-0.007893968087378633,953118.0,932197.0
2022-06-02,16605.46,16617.26,16540.55,16552.57,16325.0,16174.93,1,0.8,80%(第一次減碼),第一個空方缺口→減碼一階(快出),-0.007347486580282392,-0.007347486580282392,946115.0,925347.0
2022-06-06,16570.89,16654.12,16509.01,16605.96,16371.11,16184.82,1,0.8,80%(第一次減碼),,0.0032254809978147225,0.0025803847982517783,949167.0,927735.0
2022-06-07,16593.75,16593.75,16465.87,16512.88,16406.76,16208.02,1,0.8,80%(第一次減碼),,-0.005605216440362271,-0.004484173152289816,943847.0,923575.0
2022-06-08,16538.67,16702.99,16538.67,16670.51,16477.45,16238.46,0,1.0,100%(滿倉),"追蹤空方缺口回補→趨勢失敗,回升一階",0.009545881760177455,0.007636705408141964,952856.0,930628.0
2022-06-09,16643.95,16643.95,16557.54,16621.34,16529.18,16269.21,0,1.0,100%(滿倉),,-0.002949519840724668,-0.002949519840724668,950046.0,927883.0
2022-06-10,16581.81,16581.81,16403.33,16460.12,16578.31,16311.38,0,1.0,100%(滿倉),,-0.009699578974980416,-0.009699578974980416,940831.0,918883.0
2022-06-13,16295.07,16295.07,16055.89,16070.98,16558.78,16323.31,2,0.6,60%(第二次減碼),"第一個空方缺口→減碼一階(快出)；MA空方確認→趨勢確認,減碼一階",-0.02364138293037954,-0.02364138293037954,918588.0,897159.0
2022-06-14,15975.17,16067.8,15869.06,16047.37,16502.46,16330.62,2,0.6,60%(第二次減碼),,-0.0014691076710939832,-0.0008814646026563898,917239.0,896369.0
2022-06-15,16025.84,16106.75,15981.56,15999.25,16421.61,16327.78,2,0.6,60%(第二次減碼),,-0.002998622204136936,-0.0017991733224821615,914488.0,894756.0
2022-06-16,16098.29,16209.25,15838.29,15838.61,16337.96,16304.87,2,0.6,60%(第二次減碼),,-0.010040470647061595,-0.006024282388236956,905307.0,889366.0
2022-06-17,15794.16,15794.16,15573.38,15641.26,16246.83,16285.92,2,0.6,60%(第二次減碼),,-0.012460058048023193,-0.007476034828813915,894026.0,882717.0
2022-06-20,15649.2,15667.68,15367.58,15367.58,16122.99,16247.05,2,0.6,60%(第二次減碼),,-0.017497311597658993,-0.010498386958595396,878383.0,873450.0
2022-06-21,15427.33,15728.64,15427.33,15728.64,16044.57,16225.66,2,0.6,60%(第二次減碼),,0.02349491592039854,0.014096949552239123,899021.0,885763.0
2022-06-22,15687.46,15687.46,15346.95,15347.75,15912.29,16194.87,2,0.6,60%(第二次減碼),,-0.024216334025065067,-0.01452980041503904,877250.0,872893.0
2022-06-23,15305.51,15380.28,15102.4,15176.44,15767.8,16148.49,2,0.6,60%(第二次減碼),,-0.011161896694955264,-0.006697138016973158,867458.0,867047.0
2022-06-24,15232.34,15424.37,15232.34,15303.32,15652.12,16115.21,2,0.6,60%(第二次減碼),,0.008360326927790762,0.005016196156674457,874710.0,871396.0
2022-06-27,15409.08,15656.35,15409.08,15548.01,15599.82,16079.3,2,0.6,60%(第二次減碼),,0.015989340875051994,0.009593604525031196,888696.0,879756.0
2022-06-28,15519.56,15533.34,15375.65,15439.92,15539.08,16020.77,2,0.6,60%(第二次減碼),,-0.0069520150810297165,-0.00417120904861783,882518.0,876086.0
2022-06-29,15365.54,15365.54,15218.07,15240.13,15463.17,15942.39,2,0.6,60%(第二次減碼),,-0.012939833885149743,-0.0077639003310898454,871099.0,869284.0
2022-06-30,15146.92,15147.77,14825.73,14825.73,15361.88,15849.92,2,0.6,60%(第二次減碼),,-0.027191369102494534,-0.01631482146149672,847412.0,855102.0
2022-07-01,14812.13,14812.13,14336.03,14343.08,15232.06,15739.44,2,0.6,60%(第二次減碼),,-0.0325548893713834,-0.01953293362283004,819825.0,838399.0
2022-07-04,14237.83,14412.47,14167.1,14217.06,15117.01,15620.0,2,0.6,60%(第二次減碼),,-0.008786118462701165,-0.005271671077620698,812622.0,833980.0
2022-07-05,14345.54,14488.8,14100.89,14349.2,14979.06,15511.81,2,0.6,60%(第二次減碼),,0.009294467351196545,0.005576680410717926,820175.0,838630.0
2022-07-06,14289.67,14319.32,13985.51,13985.51,14842.84,15377.56,2,0.6,60%(第二次減碼),,-0.02534566386976278,-0.015207398321857668,799387.0,825877.0
2022-07-07,14052.18,14355.15,13951.81,14336.27,14758.82,15263.31,2,0.6,60%(第二次減碼),,0.025080243766584243,0.015048146259950546,819436.0,838305.0
2022-07-08,14462.5,14552.42,14373.84,14464.53,14674.94,15163.53,2,0.6,60%(第二次減碼),"第一個多方缺口(觀察期,不加碼)",0.008946539092804517,0.0053679234556827105,826767.0,842805.0
2022-07-11,14478.31,14525.03,14313.94,14340.53,14554.2,15077.01,2,0.6,60%(第二次減碼),,-0.008572694722884133,-0.00514361683373048,819679.0,838470.0
2022-07-12,14235.63,14235.63,13928.66,13950.62,14405.27,14972.17,2,0.6,60%(第二次減碼),,-0.027189371661995754,-0.016313622997197453,797392.0,824791.0
2022-07-13,14194.94,14403.51,14194.94,14324.68,14313.72,14888.44,1,0.8,80%(第一次減碼),"追蹤空方缺口回補→趨勢失敗,回升一階",0.02681314522221956,0.016087887133331733,818773.0,838061.0
2022-07-14,14252.02,14450.47,14159.39,14438.52,14275.0,14818.44,1,0.8,80%(第一次減碼),,0.007947123426142788,0.006357698740914231,825280.0,843389.0
2022-07-15,14483.96,14579.73,14378.33,14550.62,14295.75,14763.91,1,0.8,80%(第一次減碼),,0.007763953646218624,0.0062111629169749,831687.0,848627.0
2022-07-18,14589.1,14719.64,14589.1,14719.64,14346.01,14731.51,1,0.8,80%(第一次減碼),"第一個多方缺口(觀察期,不加碼)",0.011615999868046734,0.009292799894437388,841348.0,856513.0
2022-07-19,14638.45,14720.13,14598.99,14694.08,14380.5,14679.78,0,1.0,100%(滿倉),MA多方確認→回補一階,-0.0017364555111402113,-0.0013891644089121691,839887.0,855323.0
2022-07-20,14810.4,14906.95,14694.2,14733.22,14455.27,14649.06,0,1.0,100%(滿倉),,0.0026636577451599752,0.0026636577451599752,842124.0,857602.0
2022-07-21,14744.17,14937.7,14716.02,14937.7,14515.41,14637.12,0,1.0,100%(滿倉),,0.013878839791980457,0.013878839791980457,853812.0,869504.0
2022-07-22,14953.27,14996.24,14902.32,14949.36,14563.9,14619.42,0,1.0,100%(滿倉),,0.0007805753228409262,0.0007805753228409262,854479.0,870183.0
2022-07-25,14902.25,14968.23,14851.37,14936.33,14623.48,14588.84,0,1.0,100%(滿倉),,-0.0008716092193913338,-0.0008716092193913338,853734.0,869424.0
2022-07-26,14912.41,14912.41,14750.71,14806.78,14709.09,14557.18,0,1.0,100%(滿倉),,-0.008673482709607994,-0.008673482709607994,846329.0,861884.0
2022-07-27,14791.71,14921.59,14717.02,14921.59,14768.78,14541.25,0,1.0,100%(滿倉),,0.00775388031698987,0.00775388031698987,852891.0,868566.0
2022-07-28,14978.95,15031.99,14849.94,14891.9,14814.12,14544.56,0,1.0,100%(滿倉),,-0.0019897343379626786,-0.0019897343379626786,851194.0,866838.0
2022-07-29,14950.18,15035.27,14929.49,15000.07,14859.07,14577.41,0,1.0,100%(滿倉),,0.007263680255709559,0.007263680255709559,857377.0,873135.0
2022-08-01,14982.27,14994.36,14886.81,14981.69,14885.27,14615.64,0,1.0,100%(滿倉),,-0.0012253276151377168,-0.0012253276151377168,856327.0,872065.0
2022-08-02,14860.94,14860.94,14663.46,14747.23,14890.59,14635.54,1,0.8,80%(第一次減碼),第一個空方缺口→減碼一階(快出),-0.01564976981902577,-0.01564976981902577,842925.0,858417.0
2022-08-03,14757.51,14777.02,14673.35,14777.02,14894.97,14675.12,1,0.8,80%(第一次減碼),,0.0020200403736838624,0.00161603229894709,844628.0,859804.0
2022-08-04,14741.47,14766.57,14545.69,14702.2,14871.42,14693.42,1,0.8,80%(第一次減碼),,-0.005063267153999962,-0.004050613723199969,840351.0,856322.0
2022-08-05,14802.34,15041.41,14802.34,15036.04,14880.08,14721.99,0,1.0,100%(滿倉),"第二個(以上)多方缺口→回補一階；追蹤空方缺口回補→趨勢失敗,回升一階",0.022706805784168393,0.018165444627334715,859433.0,871877.0
2022-08-08,14972.21,15034.87,14908.17,15020.41,14888.49,14755.98,0,1.0,100%(滿倉),,-0.0010395024221804272,-0.0010395024221804272,858540.0,870971.0
2022-08-09,14965.12,15077.63,14905.23,15050.28,14912.84,14810.97,0,1.0,100%(滿倉),,0.0019886274742169086,0.0019886274742169086,860247.0,872703.0
2022-08-10,14940.76,14982.33,14890.55,14939.02,14914.59,14841.69,0,1.0,100%(滿倉),,-0.007392553494021348,-0.007392553494021348,853888.0,866251.0
2022-08-11,15087.59,15204.79,15087.59,15197.85,14945.18,14879.65,0,1.0,100%(滿倉),,0.017325768356960536,0.017325768356960536,868682.0,881260.0
2022-08-12,15203.91,15298.42,15198.93,15288.97,14974.07,14916.57,0,1.0,100%(滿倉),,0.005995584901811624,0.005995584901811624,873890.0,886544.0
2022-08-15,15332.92,15437.23,15315.12,15417.35,15017.64,14951.45,0,1.0,100%(滿倉),,0.008396903126894895,0.008396903126894895,881228.0,893988.0
2022-08-16,15435.04,15451.83,15392.49,15420.57,15084.97,14987.78,0,1.0,100%(滿倉),,0.00020885560748107324,0.00020885560748107324,881412.0,894174.0
2022-08-17,15423.44,15475.89,15390.84,15465.45,15153.81,15024.39,0,1.0,100%(滿倉),,0.0029103982537610484,0.0029103982537610484,883977.0,896777.0
2022-08-18,15384.73,15396.76,15311.22,15396.76,15223.27,15047.34,0,1.0,100%(滿倉),,-0.004441513179377243,-0.004441513179377243,880051.0,892794.0
2022-08-19,15394.36,15458.45,15346.26,15408.78,15260.54,15070.31,0,1.0,100%(滿倉),,0.0007806837282648971,0.0007806837282648971,880738.0,893491.0
2022-08-22,15375.2,15375.2,15229.36,15245.14,15283.02,15085.76,0,1.0,100%(滿倉),,-0.010619919292766955,-0.010619919292766955,871385.0,884002.0
2022-08-23,15225.17,15225.17,15086.43,15095.89,15287.58,15100.21,2,0.6,60%(第二次減碼),"第一個空方缺口→減碼一階(快出)；MA空方確認→趨勢確認,減碼一階",-0.009790005208217156,-0.009790005208217156,862854.0,875348.0
2022-08-24,15112.15,15183.96,15053.52,15069.19,15300.6,15107.59,2,0.6,60%(第二次減碼),,-0.0017686933330859356,-0.0010612159998515613,861328.0,874419.0
2022-08-25,15105.31,15244.06,15105.31,15200.04,15300.81,15123.0,2,0.6,60%(第二次減碼),,0.008683280255939563,0.005209968153563738,868807.0,878974.0
2022-08-26,15221.5,15337.25,15221.5,15278.44,15299.76,15136.92,1,0.8,80%(第一次減碼),"追蹤空方缺口回補→趨勢失敗,回升一階",0.00515788116347049,0.003094728698082294,873288.0,881695.0
2022-08-29,15197.19,15197.19,14843.72,14926.19,15250.64,15134.14,2,0.6,60%(第二次減碼),"第一個空方缺口→減碼一階(快出)；MA空方確認→趨勢確認,減碼一階",-0.023055364291118763,-0.01844429143289501,853154.0,865432.0
2022-08-30,14919.67,15027.5,14911.97,14953.63,15203.95,15144.46,2,0.6,60%(第二次減碼),,0.0018383793854961361,0.0011030276312976816,854723.0,866387.0
2022-08-31,14912.12,15095.44,14874.33,15095.44,15166.95,15160.38,2,0.6,60%(第二次減碼),,0.009483316091143168,0.0056899896546859004,862828.0,871317.0
2022-09-01,14981.0,14981.0,14773.19,14801.86,15107.46,15165.36,2,0.6,60%(第二次減碼),,-0.01944825722204846,-0.011668954333229075,846048.0,861149.0
2022-09-02,14790.28,14817.4,14673.04,14673.04,15033.89,15147.22,2,0.6,60%(第二次減碼),,-0.008702960303637486,-0.005221776182182491,838685.0,856653.0
2022-09-05,14670.18,14753.03,14632.79,14661.1,14975.48,15129.25,2,0.6,60%(第二次減碼),,-0.0008137373032446327,-0.0004882423819467796,838002.0,856234.0
2022-09-06,14705.16,14789.31,14623.22,14677.2,14933.61,15110.6,2,0.6,60%(第二次減碼),,0.0010981440683168753,0.0006588864409901252,838922.0,856799.0
2022-09-07,14557.86,14557.86,14397.12,14410.05,14867.7,15084.15,2,0.6,60%(第二次減碼),,-0.018201700596844228,-0.010921020358106536,823653.0,847441.0
2022-09-08,14447.09,14583.42,14447.09,14583.42,14806.04,15053.43,2,0.6,60%(第二次減碼),,0.012031186567708074,0.0072187119406248446,833562.0,853559.0
2022-09-12,14711.34,14856.23,14711.34,14807.43,14758.94,15029.35,1,0.8,80%(第一次減碼),"第一個多方缺口(觀察期,不加碼)；追蹤空方缺口回補→趨勢失敗,回升一階",0.015360594428467378,0.009216356657080427,846366.0,861426.0
2022-09-13,14895.87,14949.56,14856.98,14894.41,14755.76,15003.2,0,1.0,100%(滿倉),第二個(以上)多方缺口→回補一階,0.005874078081071543,0.004699262464857235,851338.0,865474.0
2022-09-14,14695.19,14699.78,14522.7,14658.31,14726.23,14965.09,2,0.6,60%(第二次減碼),"第一個空方缺口→減碼一階(快出)；MA空方確認→趨勢確認,減碼一階",-0.015851584587774914,-0.015851584587774914,837843.0,851754.0
2022-09-15,14647.0,14750.28,14624.55,14670.04,14683.69,14925.32,2,0.6,60%(第二次減碼),,0.000800228675747805,0.00048013720544868297,838513.0,852163.0
2022-09-16,14602.16,14602.16,14521.65,14561.76,14659.68,14883.57,2,0.6,60%(第二次減碼),,-0.0073810296359110295,-0.0044286177815466175,832324.0,848390.0
2022-09-19,14567.27,14585.06,14424.33,14425.68,14634.94,14834.41,2,0.6,60%(第二次減碼),,-0.00934502422784056,-0.005607014536704335,824546.0,843633.0
2022-09-20,14474.95,14558.72,14461.39,14549.3,14623.76,14799.62,2,0.6,60%(第二次減碼),,0.008569440054125632,0.005141664032475379,831612.0,847970.0
2022-09-21,14517.34,14525.46,14384.11,14424.52,14598.49,14766.05,2,0.6,60%(第二次減碼),,-0.008576357625452724,-0.0051458145752716344,824480.0,843607.0
2022-09-22,14325.67,14325.67,14151.8,14284.63,14585.95,14726.82,2,0.6,60%(第二次減碼),,-0.009698069675802112,-0.005818841805481268,816484.0,838698.0
2022-09-23,14231.03,14277.53,14109.71,14118.38,14539.45,14672.74,2,0.6,60%(第二次減碼),,-0.011638383353296478,-0.006983030011977886,806981.0,832841.0
2022-09-26,13993.42,13993.42,13743.19,13778.19,14436.52,14597.73,2,0.6,60%(第二次減碼),,-0.024095540706511542,-0.014457324423906924,787537.0,820801.0
2022-09-27,13812.99,13862.84,13732.32,13826.59,14329.74,14542.75,2,0.6,60%(第二次減碼),,0.003512798125152816,0.0021076788750916896,790303.0,822531.0
2022-09-28,13816.7,13854.09,13466.07,13466.07,14210.52,14468.37,2,0.6,60%(第二次減碼),,-0.02607439723026428,-0.015644638338158566,769696.0,809662.0
2022-09-29,13550.7,13651.29,13462.57,13534.26,14096.94,14390.31,2,0.6,60%(第二次減碼),,0.0050638382245153934,0.003038302934709236,773594.0,812122.0
2022-09-30,13409.65,13466.82,13274.72,13424.58,13983.22,14321.45,2,0.6,60%(第二次減碼),,-0.008103878601416037,-0.004862327160849622,767325.0,808174.0
2022-10-03,13359.26,13440.23,13273.48,13300.48,13870.7,14252.82,2,0.6,60%(第二次減碼),,-0.009244237063654959,-0.005546542238192975,760232.0,803691.0
2022-10-04,13447.36,13586.96,13447.36,13576.52,13773.42,14198.59,2,0.6,60%(第二次減碼),"第一個多方缺口(觀察期,不加碼)",0.020754138196516392,0.012452482917909834,776010.0,813699.0
2022-10-05,13727.3,13902.02,13727.3,13801.43,13711.11,14154.8,1,0.8,80%(第一次減碼),第二個(以上)多方缺口→回補一階,0.016566100885941237,0.009939660531564741,788865.0,821787.0
2022-10-06,13865.45,13899.23,13814.33,13892.05,13671.86,14128.9,1,0.8,80%(第一次減碼),,0.00656598627823346,0.005252789022586768,794045.0,826104.0
2022-10-07,13847.52,13847.52,13684.21,13702.28,13630.24,14084.85,1,0.8,80%(第一次減碼),,-0.013660330908685125,-0.0109282647269481,783198.0,817076.0
2022-10-11,13394.12,13394.12,13106.03,13106.03,13563.03,13999.78,1,0.8,80%(第一次減碼),,-0.043514655955067316,-0.03481172476405386,749117.0,788632.0
2022-10-12,13076.91,13130.73,12991.59,13081.24,13488.49,13909.12,1,0.8,80%(第一次減碼),,-0.0018914957466144022,-0.0015131965972915219,747700.0,787439.0
2022-10-13,13108.4,13111.39,12809.43,12810.73,13422.96,13816.74,1,0.8,80%(第一次減碼),,-0.020679232244038004,-0.016543385795230403,732238.0,774412.0
2022-10-14,13023.71,13221.87,13023.71,13128.12,13382.35,13739.64,1,0.8,80%(第一次減碼),,0.024775325059539943,0.019820260047631957,750380.0,789761.0
2022-10-17,12988.83,12988.83,12814.82,12966.05,13336.49,13659.86,1,0.8,80%(第一次減碼),,-0.012345255832518442,-0.009876204666014755,741116.0,781961.0
2022-10-18,13075.05,13143.15,12978.13,13124.68,13318.91,13594.81,0,1.0,100%(滿倉),"追蹤空方缺口回補→趨勢失敗,回升一階",0.012234257927433712,0.00978740634194697,750183.0,789614.0
2022-10-19,13096.35,13155.62,12976.76,12976.76,13258.94,13516.18,0,1.0,100%(滿倉),,-0.01127037002045006,-0.01127037002045006,741728.0,780715.0
2022-10-20,12912.93,12946.1,12698.91,12946.1,13173.4,13442.26,2,0.6,60%(第二次減碼),"第一個空方缺口→減碼一階(快出)；MA空方確認→趨勢確認,減碼一階",-0.0023626852927849384,-0.0023626852927849384,739976.0,778870.0
2022-10-21,12931.2,12954.02,12813.6,12819.2,13066.12,13368.99,2,0.6,60%(第二次減碼),,-0.009802179807046119,-0.005881307884227671,732723.0,774290.0
2022-10-24,12913.58,13027.84,12856.77,12856.98,12981.59,13305.92,2,0.6,60%(第二次減碼),,0.0029471417873190298,0.0017682850723914178,734882.0,775659.0
2022-10-25,12830.29,12843.31,12629.48,12666.12,12937.6,13250.31,2,0.6,60%(第二次減碼),,-0.014844854701492771,-0.008906912820895662,723973.0,768750.0
2022-10-26,12666.42,12791.97,12635.52,12729.05,12902.38,13195.44,2,0.6,60%(第二次減碼),,0.0049683723192262,0.00298102339153572,727570.0,771042.0
2022-10-27,12807.69,12954.32,12807.69,12926.37,12913.94,13168.45,1,0.8,80%(第一次減碼),"第一個多方缺口(觀察期,不加碼)；追蹤空方缺口回補→趨勢失敗,回升一階",0.015501549605037468,0.00930092976302248,738848.0,778213.0
2022-10-28,12874.83,12891.38,12723.98,12788.42,12879.97,13131.16,1,0.8,80%(第一次減碼),,-0.010671982931016233,-0.008537586344812987,730963.0,771569.0
2022-10-31,12862.37,12977.61,12826.34,12949.75,12878.34,13107.42,1,0.8,80%(第一次減碼),,0.012615319171563,0.0100922553372504,740185.0,779356.0
2022-11-01,12933.12,13062.9,12907.61,13037.21,12869.6,13094.25,1,0.8,80%(第一次減碼),,0.006753798335875194,0.005403038668700156,745184.0,783567.0
2022-11-02,13033.15,13100.17,13014.04,13100.17,12881.94,13070.44,1,0.8,80%(第一次減碼),,0.004829254111884396,0.0038634032895075165,748782.0,786594.0
2022-11-03,12985.55,12991.37,12905.35,12986.6,12885.99,13029.7,2,0.6,60%(第二次減碼),第一個空方缺口→減碼一階(快出),-0.008669353145798864,-0.0069354825166390915,742291.0,781139.0
2022-11-04,12941.78,13029.94,12868.25,13026.71,12906.74,12986.43,1,0.8,80%(第一次減碼),"追蹤空方缺口回補→趨勢失敗,回升一階",0.0030885682164691897,0.0018531409298815137,744583.0,782586.0
2022-11-07,13109.35,13246.59,13103.35,13223.73,12943.41,12962.5,0,1.0,100%(滿倉),"第一個多方缺口(觀察期,不加碼)；MA多方確認→回補一階",0.015124309975427463,0.012099447980341972,755845.0,792055.0
2022-11-08,13274.91,13389.25,13274.91,13347.76,13011.58,12974.59,0,1.0,100%(滿倉),,0.00937935060682582,0.00937935060682582,762934.0,799484.0
2022-11-09,13410.19,13638.81,13410.19,13638.81,13102.55,13002.47,0,1.0,100%(滿倉),,0.02180515682032036,0.02180515682032036,779570.0,816917.0
2022-11-10,13556.51,13559.4,13463.85,13503.76,13160.29,13037.12,0,1.0,100%(滿倉),,-0.009901890267552615,-0.009901890267552615,771851.0,808828.0
2022-11-11,13878.95,14045.51,13878.95,14007.56,13282.21,13081.09,0,1.0,100%(滿倉),,0.0373081275141145,0.0373081275141145,800647.0,839004.0
2022-11-14,14080.91,14217.3,14076.94,14174.9,13404.72,13141.53,0,1.0,100%(滿倉),,0.011946406083572114,0.011946406083572114,810212.0,849027.0
2022-11-15,14325.49,14568.51,14278.53,14546.31,13555.63,13212.61,0,1.0,100%(滿倉),,0.02620194851462787,0.02620194851462787,831441.0,871273.0
2022-11-16,14637.85,14657.66,14481.06,14537.35,13699.35,13290.64,0,1.0,100%(滿倉),,-0.0006159637736304902,-0.0006159637736304902,830929.0,870736.0
2022-11-17,14489.41,14545.89,14383.55,14535.23,13854.21,13370.1,0,1.0,100%(滿倉),,-0.0001458312553526131,-0.0001458312553526131,830808.0,870609.0
2022-11-18,14584.31,14669.98,14470.48,14504.99,14002.04,13454.39,0,1.0,100%(滿倉),,-0.0020804624350628798,-0.0020804624350628798,829079.0,868798.0
2022-11-21,14514.71,14530.76,14421.65,14449.39,14124.61,13534.01,0,1.0,100%(滿倉),,-0.0038331636216226705,-0.0038331636216226705,825901.0,865468.0
2022-11-22,14404.08,14542.79,14371.09,14542.2,14244.05,13627.81,0,1.0,100%(滿倉),,0.006423108518768039,0.006423108518768039,831206.0,871027.0
2022-11-23,14595.5,14647.98,14573.41,14608.54,14341.02,13721.79,0,1.0,100%(滿倉),,0.004561895724168208,0.004561895724168208,834998.0,875000.0
2022-11-24,14649.8,14784.0,14649.8,14784.0,14469.05,13814.67,0,1.0,100%(滿倉),,0.012010782733935077,0.012010782733935077,845027.0,885510.0
